No.,WinRate,MatchCount,WinCount,ID,Name,Time
1,37,49,43,386,聖天使マリア,2023/5/6 3:47:45
2,37,47,42,309,アマテラス,2023/5/6 3:47:45
3,35,85,60,1,Cosmoron,2023/5/6 3:47:45
4,33,53,43,331,時空少女カリン,2023/5/6 3:47:45
5,33,45,39,384,Zakron,2023/5/6 3:47:45
6,32,38,35,373,Omniplexus,2023/5/6 3:47:45
7,31,81,56,107,タソット,2023/5/6 3:47:45
8,31,61,46,170,黄金ドラゴン,2023/5/6 3:47:45
9,31,53,42,307,ヴィーナス,2023/5/6 3:47:45
10,30,72,51,230,蒼龍の女神,2023/5/6 3:47:45
11,30,54,42,321,ゴッドミストレス,2023/5/6 3:47:45
12,29,83,56,86,ラストモンスター,2023/5/6 3:47:45
13,29,61,45,168,Chronogod,2023/5/6 3:47:45
14,29,61,45,227,ドラゴンキング,2023/5/6 3:47:45
15,29,43,36,419,帝王女神,2023/5/6 3:47:45
16,29,39,34,401,サイバー神獣,2023/5/6 3:47:45
17,27,73,50,78,シンクロドラゴン,2023/5/6 3:47:45
18,27,65,46,246,Eternal Void,2023/5/6 3:47:45
19,27,47,37,318,神無（かみなし）,2023/5/6 3:47:45
20,26,66,46,167,タイタンオーバーロード,2023/5/6 3:47:45
21,26,46,36,337,究極無敵モンスター,2023/5/6 3:47:45
22,26,40,33,404,Tenjinmon,2023/5/6 3:47:45
23,25,39,32,474,ゼン,2023/5/6 3:47:45
24,25,27,26,476,コンプリートモンスター,2023/5/6 3:47:45
25,24,84,54,14,龍祖,2023/5/6 3:47:45
26,24,70,47,137,ゴッドビースト,2023/5/6 3:47:45
27,24,54,39,149,アルカナ,2023/5/6 3:47:45
28,23,73,48,118,創造神 アルケイオス,2023/5/6 3:47:45
29,23,59,41,201,絶対生命体,2023/5/6 3:47:45
30,23,53,38,199,カオスライカー,2023/5/6 3:47:45
31,23,37,30,411,アイゼンハウアー,2023/5/6 3:47:45
32,23,29,26,460,オメガ・ゴッドキング,2023/5/6 3:47:45
33,22,68,45,174,タイムクリエイター,2023/5/6 3:47:45
34,22,66,44,140,スターシェイパー,2023/5/6 3:47:45
35,22,50,36,304,アマテラス,2023/5/6 3:47:45
36,22,42,32,388,ムゲン,2023/5/6 3:47:45
37,21,87,54,36,Zarathustra,2023/5/6 3:47:45
38,21,53,37,279,サンダーゴッド　ライジン,2023/5/6 3:47:45
39,21,37,29,368,Apocryphon,2023/5/6 3:47:45
40,21,37,29,440,Omni Void,2023/5/6 3:47:45
41,20,66,43,166,銀河の創造主,2023/5/6 3:47:45
42,20,42,31,372,時空巫女ミライ,2023/5/6 3:47:45
43,20,42,31,405,Kyuukyoku-Kanzen-Muteki-Nouryoku-Juni-Skills,2023/5/6 3:47:45
44,20,32,26,447,無限の巨神 スザンヌ,2023/5/6 3:47:45
45,19,69,44,106,オムニウス,2023/5/6 3:47:45
46,19,55,37,244,魔神転生,2023/5/6 3:47:45
47,19,51,35,427,キラー・マルチバース・ゴッド,2023/5/6 3:47:45
48,19,39,29,408,ザ・アルティメット・モンスター,2023/5/6 3:47:45
49,18,62,40,207,カオスマスター,2023/5/6 3:47:45
50,18,46,32,315,カノメラ,2023/5/6 3:47:45
51,18,44,31,376,竜神邪獣ドラゴン・エボルブ,2023/5/6 3:47:45
52,18,26,22,545,クリエイターズ・タイタン,2023/5/6 3:47:45
53,17,61,39,164,魔王サルマン,2023/5/6 3:47:45
54,17,61,39,176,ガラクトス,2023/5/6 3:47:45
55,17,61,39,195,Zorxtar,2023/5/6 3:47:45
56,17,55,36,238,キカイモンスター,2023/5/6 3:47:45
57,17,47,32,308,アマテラス,2023/5/6 3:47:45
58,17,41,29,452,鏡の精霊カガミコ,2023/5/6 3:47:45
59,17,25,21,553,オムニキャットロボ,2023/5/6 3:47:45
60,17,25,21,565,オーディンフェニックス,2023/5/6 3:47:45
61,17,23,20,518,ネメシス,2023/5/6 3:47:45
62,17,19,18,537,聖夜のプリンセス,2023/5/6 3:47:45
63,16,58,37,172,暗黒帝神カイオーガ,2023/5/6 3:47:45
64,16,58,37,303,アマテラス,2023/5/6 3:47:45
65,16,58,37,311,アマテラス,2023/5/6 3:47:45
66,16,28,22,507,オーバーザ・オールパワー,2023/5/6 3:47:45
67,15,77,46,27,アンブレイカブル,2023/5/6 3:47:45
68,15,53,34,301,ヴァルキリー,2023/5/6 3:47:45
69,15,53,34,360,シルバーレックス,2023/5/6 3:47:45
70,15,49,32,232,Cosmic Entity,2023/5/6 3:47:45
71,15,45,30,333,魔神ゴッドハンマー,2023/5/6 3:47:45
72,15,41,28,385,魔神ユウゲットホ,2023/5/6 3:47:45
73,15,21,18,555,アルティメットヒーロー,2023/5/6 3:47:45
74,14,60,37,198,ゴジラ,2023/5/6 3:47:45
75,14,56,35,178,アマテラス,2023/5/6 3:47:45
76,14,56,35,292,ネフェルティティ,2023/5/6 3:47:45
77,14,54,34,362,神無,2023/5/6 3:47:45
78,14,36,25,512,アルティメット・サモン,2023/5/6 3:47:45
79,14,30,22,498,モンスターアカデミア,2023/5/6 3:47:45
80,13,67,40,150,ゼロリスク,2023/5/6 3:47:45
81,13,61,37,48,BitGod,2023/5/6 3:47:45
82,13,55,34,296,魔神ライドン,2023/5/6 3:47:45
83,13,49,31,336,ゾディアック・ドラゴン,2023/5/6 3:47:45
84,13,39,26,280,無限大神獣,2023/5/6 3:47:45
85,13,33,23,496,創世獣,2023/5/6 3:47:45
86,13,13,13,621,ネコ神様,2023/5/6 3:47:45
87,12,68,40,152,バリエーションドラゴン,2023/5/6 3:47:45
88,12,58,35,265,ジンゴロイド,2023/5/6 3:47:45
89,12,56,34,215,カオスドラゴン,2023/5/6 3:47:45
90,12,32,22,486,ギャラクシー・ドラゴン,2023/5/6 3:47:45
91,12,18,15,567,ライトニングドラゴン,2023/5/6 3:47:45
92,11,63,37,182,ゼウスウルトラ,2023/5/6 3:47:45
93,11,59,35,160,Glitch,2023/5/6 3:47:45
94,11,53,32,214,神獣リガオ,2023/5/6 3:47:45
95,11,51,31,326,ジ・アーティファクト,2023/5/6 3:47:45
96,11,39,25,377,十二武器,2023/5/6 3:47:45
97,11,35,23,375,大天使ゼウス,2023/5/6 3:47:45
98,11,33,22,438,聖神ミラージュ,2023/5/6 3:47:45
99,11,27,19,491,絶対神,2023/5/6 3:47:45
100,11,21,16,568,ライトニングジーニアス,2023/5/6 3:47:45
101,10,86,48,0,Prompt Dragon,2023/5/6 3:47:45
102,10,76,43,44,Galaxia Titan,2023/5/6 3:47:45
103,10,68,39,96,龍神,2023/5/6 3:47:45
104,10,54,32,269,クロノバースト,2023/5/6 3:47:45
105,10,54,32,306,八技モンスター,2023/5/6 3:47:45
106,10,52,31,291,太陽月詠,2023/5/6 3:47:45
107,10,48,29,220,ゴールデンドラゴン,2023/5/6 3:47:45
108,10,42,26,381,ザ・オーダー,2023/5/6 3:47:45
109,10,42,26,413,キライユク,2023/5/6 3:47:45
110,10,30,20,531,シン・ウルトラマン,2023/5/6 3:47:45
111,10,28,19,488,Oblivion,2023/5/6 3:47:45
112,10,10,10,605,アルティメットゴッド,2023/5/6 3:47:45
113,9,87,48,30,クトゥルフ,2023/5/6 3:47:45
114,9,79,44,103,ゲームマスター,2023/5/6 3:47:45
115,9,73,41,132,イザナミ,2023/5/6 3:47:45
116,9,61,35,243,スコチャン,2023/5/6 3:47:45
117,9,59,34,59,ゴッドドラゴン,2023/5/6 3:47:45
118,9,37,23,414,ザ・オーバードリーム,2023/5/6 3:47:45
119,9,33,21,455,Zatara,2023/5/6 3:47:45
120,9,23,16,504,創世の巨神 スザンヌ,2023/5/6 3:47:45
121,9,23,16,520,未来戦士ゼロ,2023/5/6 3:47:45
122,9,19,14,601,シフトデストロイヤー,2023/5/6 3:47:45
123,9,17,13,570,オムニゴッド,2023/5/6 3:47:45
124,8,84,46,108,クロノステラー,2023/5/6 3:47:45
125,8,60,34,216,ドラゴンキング,2023/5/6 3:47:45
126,8,52,30,334,覇極獣,2023/5/6 3:47:45
127,8,48,28,365,ゼロ,2023/5/6 3:47:45
128,8,42,25,361,Atomoserafin,2023/5/6 3:47:45
129,8,22,15,539,オメガクロノス,2023/5/6 3:47:45
130,8,20,14,542,銀瞳のメルティア,2023/5/6 3:47:45
131,8,20,14,563,ノヴァフェニックス,2023/5/6 3:47:45
132,8,18,13,533,キウウ,2023/5/6 3:47:45
133,8,18,13,543,スターライトフェアリー,2023/5/6 3:47:45
134,8,14,11,550,キャット・ゴッド,2023/5/6 3:47:45
135,8,8,8,611,クロノゴッド,2023/5/6 3:47:45
136,7,91,49,9,Zephyr,2023/5/6 3:47:45
137,7,81,44,37,Nefarious Vaporion,2023/5/6 3:47:45
138,7,53,30,158,Aurelian,2023/5/6 3:47:45
139,7,53,30,196,Omniscient Oni,2023/5/6 3:47:45
140,7,43,25,403,ゼアロスの時空怪獣,2023/5/6 3:47:45
141,7,41,24,415,金翅大王,2023/5/6 3:47:45
142,7,39,23,407,バロン・オブ・デストロイヤー,2023/5/6 3:47:45
143,7,39,23,418,アミティエ,2023/5/6 3:47:45
144,7,19,13,535,聖女ミカエラ,2023/5/6 3:47:45
145,7,19,13,562,フェニックスゴッド,2023/5/6 3:47:45
146,7,15,11,559,フェニックスキング,2023/5/6 3:47:45
147,7,13,10,588,オルタナティブ・エンド,2023/5/6 3:47:45
148,7,11,9,579,全能神獣,2023/5/6 3:47:45
149,7,9,8,597,オムニポテント・ウルティメイト,2023/5/6 3:47:45
150,6,68,37,148,サイバークリエイター,2023/5/6 3:47:45
151,6,60,33,75,アマツミカボシ,2023/5/6 3:47:45
152,6,60,33,254,時空の亡霊,2023/5/6 3:47:45
153,6,48,27,186,神無敵不死身,2023/5/6 3:47:45
154,6,48,27,228,Kosmojuju,2023/5/6 3:47:45
155,6,48,27,300,魔法神獣,2023/5/6 3:47:45
156,6,48,27,319,ジェネシス,2023/5/6 3:47:45
157,6,46,26,420,ミカゲロウ,2023/5/6 3:47:45
158,6,36,21,441,ミラージュ・フェニックス,2023/5/6 3:47:45
159,6,22,14,522,神ネコ,2023/5/6 3:47:45
160,6,12,9,556,シルバー・プリンセス,2023/5/6 3:47:45
161,6,12,9,604,ミラクルおばあさん,2023/5/6 3:47:45
162,6,8,7,612,トランセンデント,2023/5/6 3:47:45
163,5,71,38,115,超ゴッドジャイアント,2023/5/6 3:47:45
164,5,65,35,94,ヘブンリードラゴン,2023/5/6 3:47:45
165,5,65,35,97,闇の巨神,2023/5/6 3:47:45
166,5,57,31,236,ナラカの守護獣,2023/5/6 3:47:45
167,5,55,30,320,カオス,2023/5/6 3:47:45
168,5,45,25,226,Kotonoha,2023/5/6 3:47:45
169,5,31,18,475,Maydra,2023/5/6 3:47:45
170,5,31,18,503,十字機コズモス,2023/5/6 3:47:45
171,5,29,17,489,Infinixia,2023/5/6 3:47:45
172,5,29,17,519,ヴィクトリードラゴン,2023/5/6 3:47:45
173,5,27,16,521,絶対に勝つ少女,2023/5/6 3:47:45
174,5,15,10,581,インターセプトドラゴン,2023/5/6 3:47:45
175,5,13,9,571,ラスト・デーモン,2023/5/6 3:47:45
176,5,13,9,598,範馬勇次郎II,2023/5/6 3:47:45
177,5,5,5,627,オメガウルフ,2023/5/6 3:47:45
178,4,54,29,141,無限の神獣,2023/5/6 3:47:45
179,4,54,29,231,ライザードン・オロチ,2023/5/6 3:47:45
180,4,50,27,276,オメガウェポン,2023/5/6 3:47:45
181,4,40,22,367,極限者,2023/5/6 3:47:45
182,4,38,21,454,鋼神ダイアモンド,2023/5/6 3:47:45
183,4,36,20,473,ゲームマスター,2023/5/6 3:47:45
184,4,34,19,369,神猿のアマツカミ,2023/5/6 3:47:45
185,4,28,16,506,ジオン,2023/5/6 3:47:45
186,4,24,14,538,ゼノ,2023/5/6 3:47:45
187,4,16,10,576,地獄の魔王,2023/5/6 3:47:45
188,4,14,9,607,エヴォリューションプリンセス,2023/5/6 3:47:45
189,4,12,8,561,オメガフェニックス,2023/5/6 3:47:45
190,4,12,8,584,バハムート,2023/5/6 3:47:45
191,4,12,8,587,ジョーカー,2023/5/6 3:47:45
192,4,12,8,613,セイントマリア,2023/5/6 3:47:45
193,4,8,6,593,アルカナイト,2023/5/6 3:47:45
194,4,8,6,614,クロノス,2023/5/6 3:47:45
195,4,6,5,642,ダークエンペラー,2023/5/6 3:47:45
196,4,4,4,641,オーバーロード,2023/5/6 3:47:45
197,3,81,42,51,Xiloq,2023/5/6 3:47:45
198,3,75,39,18,黒龍神,2023/5/6 3:47:45
199,3,65,34,156,邪神バハムート,2023/5/6 3:47:45
200,3,57,30,289,闇天使サリエル,2023/5/6 3:47:45
201,3,51,27,190,ゼロウィルス,2023/5/6 3:47:45
202,3,47,25,355,昇天神獣,2023/5/6 3:47:45
203,3,47,25,357,銀河帝王ゴドラ,2023/5/6 3:47:45
204,3,45,24,400,虚無神,2023/5/6 3:47:45
205,3,35,19,343,オーバーロード,2023/5/6 3:47:45
206,3,33,18,479,Nihilo,2023/5/6 3:47:45
207,3,17,10,544,タクシーモンスター,2023/5/6 3:47:45
208,3,17,10,596,マキシマムゴッドキング,2023/5/6 3:47:45
209,3,15,9,577,メカトラ,2023/5/6 3:47:45
210,3,13,8,582,カオスキング,2023/5/6 3:47:45
211,3,7,5,589,Hydros Seraphim,2023/5/6 3:47:45
212,2,74,38,80,龍神戦士,2023/5/6 3:47:45
213,2,68,35,117,聖龍,2023/5/6 3:47:45
214,2,68,35,142,至高神獣,2023/5/6 3:47:45
215,2,66,34,71,クロノスター,2023/5/6 3:47:45
216,2,66,34,235,三千世界神獣,2023/5/6 3:47:45
217,2,64,33,56,竜魔時,2023/5/6 3:47:45
218,2,58,30,288,ケイテイロン,2023/5/6 3:47:45
219,2,48,25,260,雷神女王,2023/5/6 3:47:45
220,2,46,24,293,月の恐ろしい獣,2023/5/6 3:47:45
221,2,42,22,409,ミラシーア,2023/5/6 3:47:45
222,2,26,14,499,トキヒメ,2023/5/6 3:47:45
223,2,6,4,624,セラフィーナ,2023/5/6 3:47:45
224,2,6,4,626,鬼神金剛力士,2023/5/6 3:47:45
225,2,6,4,632,そらまめG,2023/5/6 3:47:45
226,2,6,4,634, ドラゴナイト,2023/5/6 3:47:45
227,2,6,4,638,オメガモン,2023/5/6 3:47:45
228,2,4,3,630,マスターskillsドラゴン,2023/5/6 3:47:45
229,2,4,3,633,ゴジラくん,2023/5/6 3:47:45
230,1,75,38,8,Eternalia,2023/5/6 3:47:45
231,1,75,38,20,カメゴッド,2023/5/6 3:47:45
232,1,63,32,52,Kanmou,2023/5/6 3:47:45
233,1,29,15,541,カイオス彗星,2023/5/6 3:47:45
234,1,27,14,481,Nexus,2023/5/6 3:47:45
235,1,27,14,482,クウカイ,2023/5/6 3:47:45
236,1,11,6,609,タイムカースラー,2023/5/6 3:47:45
237,1,7,4,618,邪眼の冥王 オーバーロード,2023/5/6 3:47:45
238,1,7,4,619,そらまめG,2023/5/6 3:47:45
239,1,7,4,631,そらまめG,2023/5/6 3:47:45
240,1,5,3,635,そらまめG,2023/5/6 3:47:45
241,1,3,2,637,Dàlù,2023/5/6 3:47:45
242,0,62,31,67,黒神カガミ,2023/5/6 3:47:45
243,0,46,23,283,ムゲン,2023/5/6 3:47:45
244,0,40,20,465,カオスデーモン,2023/5/6 3:47:45
245,0,38,19,347,魔獣ケイジュウ,2023/5/6 3:47:45
246,0,36,18,423,イザナギの仮面,2023/5/6 3:47:45
247,0,34,17,344,Solgodion,2023/5/6 3:47:45
248,0,30,15,487,Cthulhu,2023/5/6 3:47:45
249,0,16,8,547,クトゥルフ,2023/5/6 3:47:45
250,0,16,8,558,インターネットドラゴン,2023/5/6 3:47:45
251,0,12,6,594,魔法剣士セラフィナ,2023/5/6 3:47:45
252,0,10,5,572,ロボット・アルファ1,2023/5/6 3:47:45
253,0,4,2,620,ジャッジメントドラゴン,2023/5/6 3:47:45
254,0,4,2,639,煉帝王,2023/5/6 3:47:45
255,0,4,2,645,ソラフレア,2023/5/6 3:47:45
256,-1,83,41,209,Nébula Primordial,2023/5/6 3:47:45
257,-1,77,38,131,ワンパン神,2023/5/6 3:47:45
258,-1,73,36,61,闇の巨人,2023/5/6 3:47:45
259,-1,61,30,239,ゴールデンビースト,2023/5/6 3:47:45
260,-1,49,24,317,ゾダック,2023/5/6 3:47:45
261,-1,47,23,271,魔神七,2023/5/6 3:47:45
262,-1,35,17,251,天竜宇宙神獣,2023/5/6 3:47:45
263,-1,35,17,394,バル・ザ・ビースト,2023/5/6 3:47:45
264,-1,31,15,524,ネビュライジング,2023/5/6 3:47:45
265,-1,27,13,536,銀河神獣,2023/5/6 3:47:45
266,-1,23,11,500,ウルトラスフィンクス,2023/5/6 3:47:45
267,-1,23,11,525,オールマイティー,2023/5/6 3:47:45
268,-1,23,11,540,ラグナロク,2023/5/6 3:47:45
269,-1,17,8,511,Hexmaster,2023/5/6 3:47:45
270,-1,15,7,595,マジックファステストゴッド,2023/5/6 3:47:45
271,-1,11,5,574,ダイヤモンド男梅,2023/5/6 3:47:45
272,-1,9,4,625,ゴウキ,2023/5/6 3:47:45
273,-1,5,2,622,タクヤン,2023/5/6 3:47:45
274,-1,3,1,629,セイバーオブクオーツ,2023/5/6 3:47:45
275,-1,3,1,644,ライジングドラゴン,2023/5/6 3:47:45
276,-1,1,0,643,アルテマドラゴン,2023/5/6 3:47:45
277,-2,72,35,193,黒王,2023/5/6 3:47:45
278,-2,70,34,45,焔陽神 (Enyoujin),2023/5/6 3:47:45
279,-2,64,31,157,ギガントメイデン,2023/5/6 3:47:45
280,-2,60,29,212,Kaiju Oni,2023/5/6 3:47:45
281,-2,58,28,125,アマテラス,2023/5/6 3:47:45
282,-2,56,27,175,イザナミ,2023/5/6 3:47:45
283,-2,54,26,162,Nexus Fury,2023/5/6 3:47:45
284,-2,52,25,241,タイムラッキードラゴン,2023/5/6 3:47:45
285,-2,52,25,273,ギャラクシーウェイル,2023/5/6 3:47:45
286,-2,46,22,356,生命の守護神,2023/5/6 3:47:45
287,-2,44,21,410,サンダーレックス,2023/5/6 3:47:45
288,-2,34,16,393,Infinity Squad,2023/5/6 3:47:45
289,-2,30,14,391,サンダービースト,2023/5/6 3:47:45
290,-2,30,14,432,炎獄女神,2023/5/6 3:47:45
291,-2,30,14,480,Kroglor,2023/5/6 3:47:45
292,-2,20,9,552,デストロイヘルク,2023/5/6 3:47:45
293,-2,16,7,514,Allkaiju,2023/5/6 3:47:45
294,-2,16,7,554,レジェンド・プリースト,2023/5/6 3:47:45
295,-2,10,4,600,クイズドラゴン,2023/5/6 3:47:45
296,-2,4,1,608,クロノマンサー,2023/5/6 3:47:45
297,-3,69,33,47,Pacifira,2023/5/6 3:47:45
298,-3,63,30,29,Nullifier,2023/5/6 3:47:45
299,-3,63,30,185,Zogdor,2023/5/6 3:47:45
300,-3,55,26,342,クロノマンティス,2023/5/6 3:47:45
301,-3,53,25,123,Korvaxron,2023/5/6 3:47:45
302,-3,41,19,253,魔導神獣サスマリー,2023/5/6 3:47:45
303,-3,35,16,437,時空の魔神,2023/5/6 3:47:45
304,-3,19,8,527,ゾーマ,2023/5/6 3:47:45
305,-3,19,8,575,ワンパン王,2023/5/6 3:47:45
306,-3,15,6,573,ダイレクトアクセス,2023/5/6 3:47:45
307,-3,13,5,566,ギャラクシーシスターズ,2023/5/6 3:47:45
308,-3,13,5,591,疾走神マジック,2023/5/6 3:47:45
309,-3,11,4,592,剣豪赤鬼,2023/5/6 3:47:45
310,-3,9,3,603,ことわざそうじゅう,2023/5/6 3:47:45
311,-3,5,1,623,サイクロプス,2023/5/6 3:47:45
312,-3,3,0,640,アイシャーニ,2023/5/6 3:47:45
313,-4,56,26,105,Grimmjaw,2023/5/6 3:47:45
314,-4,50,23,351,魔王究幸神速,2023/5/6 3:47:45
315,-4,46,21,272,うんころん,2023/5/6 3:47:45
316,-4,46,21,341,ゴッド・デストロイヤー,2023/5/6 3:47:45
317,-4,46,21,346,アブスレイヤー,2023/5/6 3:47:45
318,-4,34,15,485,Zoradon,2023/5/6 3:47:45
319,-4,24,10,494,影神 マスター,2023/5/6 3:47:45
320,-4,18,7,532,ムゲンヌン,2023/5/6 3:47:45
321,-4,16,6,468,ゲルムラグ,2023/5/6 3:47:45
322,-4,10,3,583,ミラーコンダクター,2023/5/6 3:47:45
323,-4,10,3,585,ゴールドマン,2023/5/6 3:47:45
324,-4,10,3,590,ネメシス,2023/5/6 3:47:45
325,-4,10,3,615,ご挨拶爺,2023/5/6 3:47:45
326,-4,10,3,616,ラップキング,2023/5/6 3:47:45
327,-4,8,2,636,セリフ魔人,2023/5/6 3:47:45
328,-4,6,1,617,屈伸トモちゃん,2023/5/6 3:47:45
329,-5,59,27,225,Yami no Kanji,2023/5/6 3:47:45
330,-5,43,19,316,サンクル,2023/5/6 3:47:45
331,-5,39,17,371,閉塞のコズミック・アブサード,2023/5/6 3:47:45
332,-5,39,17,457,シブヤン・ギャルアゲヴォルテッカー,2023/5/6 3:47:45
333,-5,35,15,354,オーライノコー,2023/5/6 3:47:45
334,-5,27,11,534,リジェネスライム,2023/5/6 3:47:45
335,-5,13,4,602,武神龍王,2023/5/6 3:47:45
336,-5,11,3,580,ネクロマンサー,2023/5/6 3:47:45
337,-5,7,1,628,ロマンス詐欺師,2023/5/6 3:47:45
338,-6,64,29,205,カオスキメラ,2023/5/6 3:47:45
339,-6,46,20,204,Xerxes the Titan,2023/5/6 3:47:45
340,-6,28,11,484,サンスカーラ,2023/5/6 3:47:45
341,-6,18,6,564,オラクルモンスター,2023/5/6 3:47:45
342,-6,10,2,586,鋼の錬金術師,2023/5/6 3:47:45
343,-6,6,0,610,おバカドラゴン,2023/5/6 3:47:45
344,-7,67,30,122,神様,2023/5/6 3:47:45
345,-7,65,29,171,虚無の神,2023/5/6 3:47:45
346,-7,63,28,50,ムゲンヘイム,2023/5/6 3:47:45
347,-7,61,27,194,アマツミハヤリ,2023/5/6 3:47:45
348,-7,59,26,161,Poseifish,2023/5/6 3:47:45
349,-7,55,24,211,ヒドラ,2023/5/6 3:47:45
350,-7,51,22,277,Leviathos,2023/5/6 3:47:45
351,-7,47,20,350,絶対神獣ヤマタノオロチ,2023/5/6 3:47:45
352,-7,31,12,382,カオスヴォイド,2023/5/6 3:47:45
353,-7,31,12,467,メカ鼓笛隊,2023/5/6 3:47:45
354,-7,27,10,463,ガイアブリンガー,2023/5/6 3:47:45
355,-7,25,9,578,ニャンニャンマスター,2023/5/6 3:47:45
356,-7,23,8,446,無限剣神宇宙獣,2023/5/6 3:47:45
357,-7,17,5,464,コペンテン,2023/5/6 3:47:45
358,-7,17,5,560,ゆかりん,2023/5/6 3:47:45
359,-7,17,5,569,ドラゴンキング,2023/5/6 3:47:45
360,-8,84,38,7,Etherik,2023/5/6 3:47:45
361,-8,74,33,34,ギャラクシーパイレーツ,2023/5/6 3:47:45
362,-8,70,31,40,黄昏獣,2023/5/6 3:47:45
363,-8,68,30,109,タイヨウスイキンチカホチモクドテンカイメイ,2023/5/6 3:47:45
364,-8,60,26,221,Mizukami,2023/5/6 3:47:45
365,-8,50,21,203,カオスエンドドラゴン,2023/5/6 3:47:45
366,-8,46,19,84,オリオン,2023/5/6 3:47:45
367,-8,42,17,299,不死鬼魔,2023/5/6 3:47:45
368,-8,36,14,380,黒騎士竜,2023/5/6 3:47:45
369,-8,30,11,513,ジェントルマン・ドロー,2023/5/6 3:47:45
370,-8,28,10,426,ライジングサンダー,2023/5/6 3:47:45
371,-8,28,10,516,グラディウス,2023/5/6 3:47:45
372,-8,24,8,505,Nullifier,2023/5/6 3:47:45
373,-8,14,3,606,サンダークロー,2023/5/6 3:47:45
374,-9,75,33,10,無限竜 (Mugenryū),2023/5/6 3:47:45
375,-9,73,32,46,Mugen,2023/5/6 3:47:45
376,-9,73,32,135,Chronospace,2023/5/6 3:47:45
377,-9,55,23,159,アルケミスト,2023/5/6 3:47:45
378,-9,53,22,370,カオスオーブ,2023/5/6 3:47:45
379,-9,49,20,349,ゴッドスピードマン,2023/5/6 3:47:45
380,-9,27,9,392,ユクソン,2023/5/6 3:47:45
381,-9,25,8,495,ポピーザクラウン,2023/5/6 3:47:45
382,-9,21,6,523,ループリーズ・ゴースト,2023/5/6 3:47:45
383,-9,13,2,548,冬猫アオネコ,2023/5/6 3:47:45
384,-9,9,0,599,ことわざざる,2023/5/6 3:47:45
385,-10,80,35,64,ムウ,2023/5/6 3:47:45
386,-10,72,31,136,ゼウス,2023/5/6 3:47:45
387,-10,64,27,100,アオジン,2023/5/6 3:47:45
388,-10,52,21,261,農夫スザンヌ,2023/5/6 3:47:45
389,-10,50,20,314,Yamato no Orochi,2023/5/6 3:47:45
390,-10,50,20,335,Necrovoid,2023/5/6 3:47:45
391,-10,48,19,173,オメガキラー,2023/5/6 3:47:45
392,-10,48,19,345,暗黒の収斂体,2023/5/6 3:47:45
393,-10,42,16,245,クリムゾンジェネシス,2023/5/6 3:47:45
394,-10,38,14,390,暗黒元帥キム,2023/5/6 3:47:45
395,-10,38,14,492,ロンリーヒーロー,2023/5/6 3:47:45
396,-10,34,12,359,黒幕の魔神,2023/5/6 3:47:45
397,-10,32,11,483,如来獣,2023/5/6 3:47:45
398,-10,28,9,436,黒楼姫,2023/5/6 3:47:45
399,-10,28,9,453,探偵ワニ,2023/5/6 3:47:45
400,-10,24,7,557,不死のゾンビ,2023/5/6 3:47:45
401,-10,18,4,528,ダイプロン,2023/5/6 3:47:45
402,-11,79,34,63,ゼットン,2023/5/6 3:47:45
403,-11,77,33,68,闇の竜,2023/5/6 3:47:45
404,-11,69,29,90,Kurayami no Reijou Ryuu,2023/5/6 3:47:45
405,-11,63,26,165,ゼウスドラゴン,2023/5/6 3:47:45
406,-11,59,24,210,Shadowcat,2023/5/6 3:47:45
407,-11,57,23,145,天空の女王,2023/5/6 3:47:45
408,-11,57,23,154,Titandrake,2023/5/6 3:47:45
409,-11,43,16,340,メカ将軍,2023/5/6 3:47:45
410,-11,33,11,458,ギアホース,2023/5/6 3:47:45
411,-11,29,9,502,麻雀神,2023/5/6 3:47:45
412,-11,25,7,456,がしゃどくろ,2023/5/6 3:47:45
413,-11,25,7,469,バルドー,2023/5/6 3:47:45
414,-12,72,30,22,グラビワール,2023/5/6 3:47:45
415,-12,60,24,200,Bolt Beast,2023/5/6 3:47:45
416,-12,44,16,208,Zarokar,2023/5/6 3:47:45
417,-12,42,15,297,Omega Behemoth,2023/5/6 3:47:45
418,-12,38,13,412,ジョークスター,2023/5/6 3:47:45
419,-12,38,13,435,アビスキング,2023/5/6 3:47:45
420,-12,32,10,497,トカゲンシ,2023/5/6 3:47:45
421,-12,26,7,449,黒き刃神,2023/5/6 3:47:45
422,-13,81,34,24,ブラッドエバンジェリスト,2023/5/6 3:47:45
423,-13,69,28,206,セイシンモンスター,2023/5/6 3:47:45
424,-13,59,23,217,古炎龍,2023/5/6 3:47:45
425,-13,49,18,242,Blazewing Dragon,2023/5/6 3:47:45
426,-13,49,18,348,アカルカ,2023/5/6 3:47:45
427,-13,49,18,399,ムテキング,2023/5/6 3:47:45
428,-13,37,12,338,シュレディンガービースト,2023/5/6 3:47:45
429,-13,31,9,459,アビオン,2023/5/6 3:47:45
430,-14,68,27,133,MindSense Beast,2023/5/6 3:47:45
431,-14,58,22,328,メカガミ,2023/5/6 3:47:45
432,-14,54,20,249,御神機,2023/5/6 3:47:45
433,-14,38,12,421,Yamikami,2023/5/6 3:47:45
434,-14,32,9,471,バラッドラ,2023/5/6 3:47:45
435,-14,28,7,515,ゴールドパッチ先生,2023/5/6 3:47:45
436,-15,75,30,98,Chrono Titan,2023/5/6 3:47:45
437,-15,63,24,197,Kasaijin,2023/5/6 3:47:45
438,-15,61,23,91,Usagi,2023/5/6 3:47:45
439,-15,53,19,163,蒼天鶴雷,2023/5/6 3:47:45
440,-15,41,13,477,Victoryus Maximus,2023/5/6 3:47:45
441,-15,39,12,402,盲目の混沌ビースト,2023/5/6 3:47:45
442,-15,33,9,442,デーヴィッド,2023/5/6 3:47:45
443,-15,33,9,451,マグロウニ,2023/5/6 3:47:45
444,-15,31,8,546,ことわざおに,2023/5/6 3:47:45
445,-15,27,6,422,ゴージャスレオン,2023/5/6 3:47:45
446,-15,27,6,517,バトルコンディショニング,2023/5/6 3:47:45
447,-15,21,3,443,ユウシャオウ,2023/5/6 3:47:45
448,-16,66,25,240,ゴクウブラック,2023/5/6 3:47:45
449,-16,64,24,268,Chargeman X,2023/5/6 3:47:45
450,-16,58,21,188,Nyxiklasp,2023/5/6 3:47:45
451,-16,48,16,250,Crypto Clash,2023/5/6 3:47:45
452,-16,44,14,257,ネオサザビー,2023/5/6 3:47:45
453,-16,42,13,274,キリン,2023/5/6 3:47:45
454,-16,36,10,396,鉄人,2023/5/6 3:47:45
455,-16,34,9,358,キラーデストロイモン,2023/5/6 3:47:45
456,-16,32,8,395,黒穴使い,2023/5/6 3:47:45
457,-16,22,3,529,ラピッドマン,2023/5/6 3:47:45
458,-17,87,35,13,The Invisible Void,2023/5/6 3:47:45
459,-17,55,19,26,The Black Depths Kraken,2023/5/6 3:47:45
460,-17,49,16,126,アモウ・アトゥーン,2023/5/6 3:47:45
461,-17,43,13,325,Korona,2023/5/6 3:47:45
462,-17,23,3,549,マゾン,2023/5/6 3:47:45
463,-18,70,26,73,Maelstroms,2023/5/6 3:47:45
464,-18,68,25,53,ゴンザレス,2023/5/6 3:47:45
465,-18,64,23,282,無敵モンスター,2023/5/6 3:47:45
466,-18,60,21,332,Luminous Bolt,2023/5/6 3:47:45
467,-18,50,16,143,Zephyrath,2023/5/6 3:47:45
468,-18,48,15,252,Gengai,2023/5/6 3:47:45
469,-18,46,14,298,黒煙仙人,2023/5/6 3:47:45
470,-18,44,13,472,アルカイド,2023/5/6 3:47:45
471,-18,38,10,417,Nebulus,2023/5/6 3:47:45
472,-19,71,26,42,蒼龍 (Sou-ryuu),2023/5/6 3:47:45
473,-19,71,26,70,時空の怪物,2023/5/6 3:47:45
474,-19,53,17,219,カオスビースト,2023/5/6 3:47:45
475,-19,51,16,128,カイウチュン,2023/5/6 3:47:45
476,-19,51,16,263,ゲーム専務,2023/5/6 3:47:45
477,-19,49,15,284,マグロス,2023/5/6 3:47:45
478,-19,43,12,383,ミカミ,2023/5/6 3:47:45
479,-19,43,12,501,ラビフェアリー,2023/5/6 3:47:45
480,-19,39,10,406,ギャラクシアン,2023/5/6 3:47:45
481,-19,31,6,462,チャーミングマン,2023/5/6 3:47:45
482,-19,25,3,510,エンパシーモンスター,2023/5/6 3:47:45
483,-19,23,2,424,炎龍,2023/5/6 3:47:45
484,-20,62,21,233,Gor'thak the Unfathomable,2023/5/6 3:47:45
485,-20,26,3,416,オロチ,2023/5/6 3:47:45
486,-20,24,2,509,モブ,2023/5/6 3:47:45
487,-20,20,0,551,サブウェイヤケツ,2023/5/6 3:47:45
488,-21,75,27,110,魔神獣アバドン,2023/5/6 3:47:45
489,-21,71,25,39,グリード・スペース,2023/5/6 3:47:45
490,-21,65,22,189,コズミックビースト,2023/5/6 3:47:45
491,-21,59,19,275,変態分身獣,2023/5/6 3:47:45
492,-21,55,17,237,Trigon,2023/5/6 3:47:45
493,-21,37,8,218,タイタンドラゴン,2023/5/6 3:47:45
494,-21,35,7,329,七星龍アポカリプス,2023/5/6 3:47:45
495,-21,35,7,429,火の鳥,2023/5/6 3:47:45
496,-21,35,7,430,ライジングモンスター,2023/5/6 3:47:45
497,-21,33,6,493,エレガントラビリンス,2023/5/6 3:47:45
498,-21,29,4,450,Torakuma,2023/5/6 3:47:45
499,-22,62,20,339,メカメガミ,2023/5/6 3:47:45
500,-22,52,15,295,ジャック・ザ・ディフェイター,2023/5/6 3:47:45
501,-22,50,14,21,Kraken's Bounty,2023/5/6 3:47:45
502,-22,50,14,327,Zephra,2023/5/6 3:47:45
503,-22,36,7,439,キラキラ,2023/5/6 3:47:45
504,-22,30,4,526,ボケザウルス,2023/5/6 3:47:45
505,-22,26,2,530,ムキュウポルの手下,2023/5/6 3:47:45
506,-22,24,1,508,エリートモブ,2023/5/6 3:47:45
507,-23,71,24,32,影の魔神,2023/5/6 3:47:45
508,-23,61,19,180,星祭りの鬼,2023/5/6 3:47:45
509,-23,49,13,378,黒妖,2023/5/6 3:47:45
510,-23,41,9,425,ネプチューン,2023/5/6 3:47:45
511,-23,33,5,428,ムカデライザー,2023/5/6 3:47:45
512,-23,33,5,478,もふもふドッグ,2023/5/6 3:47:45
513,-23,25,1,434,屍大戦士,2023/5/6 3:47:45
514,-24,74,25,54,逆流怪獣,2023/5/6 3:47:45
515,-24,74,25,183,Gloomserpent,2023/5/6 3:47:45
516,-24,72,24,31,Erebos,2023/5/6 3:47:45
517,-24,70,23,41,キャプトネモ,2023/5/6 3:47:45
518,-24,62,19,111,金剛騎士,2023/5/6 3:47:45
519,-24,44,10,259,メンタイコドラゴン,2023/5/6 3:47:45
520,-24,42,9,353,ヨロイネズミ,2023/5/6 3:47:45
521,-24,40,8,324,ヴェルデドラゴン,2023/5/6 3:47:45
522,-24,30,3,433,カグツチ,2023/5/6 3:47:45
523,-25,87,31,134,ゴッド・ウィンナー,2023/5/6 3:47:45
524,-25,77,26,55,銀の巨人,2023/5/6 3:47:45
525,-25,55,15,184,幻龍,2023/5/6 3:47:45
526,-25,55,15,229,Vesuvion,2023/5/6 3:47:45
527,-25,43,9,130,Chiriteme,2023/5/6 3:47:45
528,-25,39,7,444,炎の虎王,2023/5/6 3:47:45
529,-25,35,5,448,炎虎トライアングル,2023/5/6 3:47:45
530,-25,33,4,398,ジェノサイド,2023/5/6 3:47:45
531,-25,29,2,431,モルフォス,2023/5/6 3:47:45
532,-25,29,2,461,めざめるおじさん,2023/5/6 3:47:45
533,-26,96,35,17,Tidal Behemoth,2023/5/6 3:47:45
534,-26,74,24,138,ユキヒメ,2023/5/6 3:47:45
535,-26,64,19,179,ババタケ,2023/5/6 3:47:45
536,-26,46,10,223,カルビスティン,2023/5/6 3:47:45
537,-26,36,5,387,シャドウワーム,2023/5/6 3:47:45
538,-26,36,5,389,イチゴン,2023/5/6 3:47:45
539,-27,75,24,57,イオナノ,2023/5/6 3:47:45
540,-27,69,21,25,Kaijuna,2023/5/6 3:47:45
541,-27,55,14,69,ガチ勝負,2023/5/6 3:47:45
542,-27,55,14,213,クロウウィング,2023/5/6 3:47:45
543,-27,53,13,290,黄金の千手観音,2023/5/6 3:47:45
544,-27,51,12,374,闇龍ベリト,2023/5/6 3:47:45
545,-27,49,11,287,Nanostar,2023/5/6 3:47:45
546,-27,31,2,278,ザ・ペナー,2023/5/6 3:47:45
547,-27,31,2,490,ミネヘラー,2023/5/6 3:47:45
548,-28,92,32,33,Neptuno,2023/5/6 3:47:45
549,-28,78,25,38,ヤマタノオロチ,2023/5/6 3:47:45
550,-28,60,16,93,暴龍オーガ,2023/5/6 3:47:45
551,-28,50,11,366,カイオウ,2023/5/6 3:47:45
552,-28,46,9,397,キマイランド,2023/5/6 3:47:45
553,-28,34,3,466,ゲロゲロン,2023/5/6 3:47:45
554,-29,69,20,139,遡神,2023/5/6 3:47:45
555,-29,57,14,74,Nimble Claw,2023/5/6 3:47:45
556,-29,53,12,310,カモリツキ,2023/5/6 3:47:45
557,-29,35,3,445,トラクマ,2023/5/6 3:47:45
558,-29,29,0,470,ドン・ファン,2023/5/6 3:47:45
559,-30,82,26,60,ジョーカー・テックタニア,2023/5/6 3:47:45
560,-30,58,14,187,タカマガハラ,2023/5/6 3:47:45
561,-30,50,10,379,Maiden Chomper,2023/5/6 3:47:45
562,-31,79,24,58,Nukeninokuba,2023/5/6 3:47:45
563,-31,75,22,83,オカルトン,2023/5/6 3:47:45
564,-31,73,21,43,ヨシツネ,2023/5/6 3:47:45
565,-31,61,15,153,タイムメテオン,2023/5/6 3:47:45
566,-31,53,11,129,Akai Ite,2023/5/6 3:47:45
567,-31,47,8,192,Quorlax,2023/5/6 3:47:45
568,-32,110,39,6,フロストフレイム,2023/5/6 3:47:45
569,-32,56,12,119,Zapent,2023/5/6 3:47:45
570,-32,54,11,302,ミゼル,2023/5/6 3:47:45
571,-32,52,10,281,ジュピタークラブ,2023/5/6 3:47:45
572,-32,52,10,352,夢消し,2023/5/6 3:47:45
573,-32,42,5,264,ブローンキング,2023/5/6 3:47:45
574,-32,40,4,312,Triclops,2023/5/6 3:47:45
575,-33,89,28,19,ファイヤ,2023/5/6 3:47:45
576,-33,53,10,330,Ganja Dragon,2023/5/6 3:47:45
577,-34,86,26,15,カボロン,2023/5/6 3:47:45
578,-34,78,22,89,霊怪獣降龍,2023/5/6 3:47:45
579,-34,70,18,72,覇王メアリースー,2023/5/6 3:47:45
580,-34,58,12,286,窓際おじさん,2023/5/6 3:47:45
581,-34,46,6,255,ムンパチ,2023/5/6 3:47:45
582,-34,38,2,364,ネコヤマタヌキ,2023/5/6 3:47:45
583,-35,63,14,151,ヒカルモノ,2023/5/6 3:47:45
584,-35,53,9,285,ナクサー,2023/5/6 3:47:45
585,-36,62,13,305,Sleekfin,2023/5/6 3:47:45
586,-36,60,12,177,ハンサムパパ,2023/5/6 3:47:45
587,-36,56,10,313,タイガーパーマ,2023/5/6 3:47:45
588,-36,54,9,181,悪夢創造者,2023/5/6 3:47:45
589,-36,52,8,224,オニババ,2023/5/6 3:47:45
590,-36,52,8,248,白衣の怨霊,2023/5/6 3:47:45
591,-36,50,7,294,ゼロステイター,2023/5/6 3:47:45
592,-36,42,3,116,メロンビースト,2023/5/6 3:47:45
593,-37,91,27,4,Inferno Flare,2023/5/6 3:47:45
594,-37,69,16,144,黒龍,2023/5/6 3:47:45
595,-37,65,14,87,Xalax,2023/5/6 3:47:45
596,-37,61,12,267,フットスニファ,2023/5/6 3:47:45
597,-37,57,10,77,ソニックモンスター,2023/5/6 3:47:45
598,-37,57,10,363,ムナシ,2023/5/6 3:47:45
599,-37,51,7,202,岩狩りのスザンヌ,2023/5/6 3:47:45
600,-38,68,15,95,ジェッター・ザ・スパイク,2023/5/6 3:47:45
601,-38,64,13,11,Zephyr,2023/5/6 3:47:45
602,-38,64,13,79,Bubobo,2023/5/6 3:47:45
603,-38,64,13,85,Felisira,2023/5/6 3:47:45
604,-38,46,4,121,ストロベリーナイト,2023/5/6 3:47:45
605,-40,66,13,234,銀乃　Ginno,2023/5/6 3:47:45
606,-40,60,10,155,オギョンポス,2023/5/6 3:47:45
607,-40,54,7,113,透明猫,2023/5/6 3:47:45
608,-40,54,7,114,パフェモンスター,2023/5/6 3:47:45
609,-40,52,6,66,壊猫 (Kai Neko),2023/5/6 3:47:45
610,-40,48,4,266,ナキサル,2023/5/6 3:47:45
611,-41,73,16,147,ミニマックス,2023/5/6 3:47:45
612,-42,84,21,49,バイナルール,2023/5/6 3:47:45
613,-42,82,20,16,Emerald Lilith,2023/5/6 3:47:45
614,-42,68,13,169,シロ,2023/5/6 3:47:45
615,-42,58,8,256,ムキュウポル美明村,2023/5/6 3:47:45
616,-42,48,3,270,サミットロン,2023/5/6 3:47:45
617,-43,93,25,12,キラーツルガメ,2023/5/6 3:47:45
618,-43,87,22,88,勝つ獣,2023/5/6 3:47:45
619,-43,71,14,191,雪乃の妖狐,2023/5/6 3:47:45
620,-43,63,10,92,カオスロック,2023/5/6 3:47:45
621,-44,62,9,62,Cheshire,2023/5/6 3:47:45
622,-45,69,12,247,Cryptoraptor,2023/5/6 3:47:45
623,-45,49,2,262,ドングリウモン,2023/5/6 3:47:45
624,-46,80,17,3,Flamelurker,2023/5/6 3:47:45
625,-46,62,8,222,Burger King,2023/5/6 3:47:45
626,-47,53,3,127,Nijigumo,2023/5/6 3:47:45
627,-48,72,12,35,キノミクロン,2023/5/6 3:47:45
628,-48,66,9,99,キラキラトラ,2023/5/6 3:47:45
629,-49,71,11,65,ジェネライター,2023/5/6 3:47:45
630,-49,55,3,323,ブラックさん,2023/5/6 3:47:45
631,-49,53,2,258,Slypetron,2023/5/6 3:47:45
632,-50,66,8,104,Maneki-neko,2023/5/6 3:47:45
633,-51,63,6,76,メロンパンちゃん,2023/5/6 3:47:45
634,-51,63,6,102,寂しスリッパ,2023/5/6 3:47:45
635,-53,73,10,124,ジャッカルゲーム,2023/5/6 3:47:45
636,-54,70,8,146,レッキー,2023/5/6 3:47:45
637,-55,67,6,322,トラファ,2023/5/6 3:47:45
638,-56,76,10,120,ツマリン,2023/5/6 3:47:45
639,-57,61,2,82,鬼猫,2023/5/6 3:47:45
640,-59,79,10,23,Kraktooth,2023/5/6 3:47:45
641,-61,93,16,5,炎龍,2023/5/6 3:47:45
642,-61,61,0,112,キシンカイ,2023/5/6 3:47:45
643,-65,81,8,28,Dredgeon,2023/5/6 3:47:45
644,-65,77,6,2,Nimbleknob,2023/5/6 3:47:45
645,-72,86,7,101,ファゴアメーバン,2023/5/6 3:47:45
646,-74,80,3,81,コイトタン,2023/5/6 3:47:45
